{"Link_arm_l_01": [0.0, -0.000543, -0.002135, -0.004719, -0.008238, -0.012635, -0.017855, -0.023839, -0.030532, -0.037877, -0.045817, -0.054296, -0.063256, -0.072642, -0.082396, -0.092461, -0.102782, -0.113301, -0.123962, -0.134708, -0.145482, -0.156228, -0.166889, -0.177408, -0.187729, -0.197794, -0.207548, -0.216934, -0.225894, -0.234373, -0.242313, -0.249658, -0.256351, -0.262336, -0.267555, -0.271952, -0.275471, -0.278055, -0.279647, -0.28019, -0.28019, -0.28019, -0.28019, -0.28019, -0.28019, -0.28019, -0.28019, -0.28019, -0.28019, -0.28019, -0.28019, -0.28019, -0.28019, -0.28019, -0.28019, -0.28019, -0.28019, -0.28019, -0.28019, -0.28019, -0.28019, -0.28019, -0.28019, -0.28019, -0.28019, -0.28019, -0.28019, -0.28019, -0.28019, -0.28019, -0.28019, -0.28019, -0.28019, -0.28019, -0.28019, -0.28019, -0.28019, -0.28019, -0.28019, -0.28019, -0.28019, -0.28019, -0.28019, -0.28019, -0.28019, -0.28019, -0.28019, -0.28019, -0.28019, -0.28019, -0.28019, -0.28019, -0.28019, -0.28019, -0.28019, -0.28019, -0.28019, -0.28019, -0.28019, -0.28019, -0.28019, -0.28019, -0.28019, -0.28019, -0.28019, -0.28019, -0.28019, -0.28019, -0.28019, -0.28019, -0.28019, -0.28019, -0.28019, -0.28019, -0.28019, -0.28019, -0.28019, -0.28019, -0.28019, -0.28019], "Link_arm_l_02": [0.0, 0.000689, 0.00271, 0.005989, 0.010455, 0.016037, 0.022662, 0.030257, 0.038752, 0.048075, 0.058153, 0.068914, 0.080286, 0.092199, 0.104579, 0.117354, 0.130454, 0.143805, 0.157336, 0.170974, 0.184649, 0.198288, 0.211819, 0.22517, 0.23827, 0.251045, 0.263425, 0.275337, 0.28671, 0.297471, 0.307549, 0.316871, 0.325366, 0.332962, 0.339587, 0.345168, 0.349635, 0.352914, 0.354934, 0.355624, 0.354875, 0.352687, 0.349147, 0.344342, 0.33836, 0.331287, 0.323212, 0.31422, 0.3044, 0.293838, 0.282622, 0.270839, 0.258576, 0.245921, 0.232961, 0.219782, 0.206473, 0.19312, 0.17981, 0.166632, 0.153671, 0.141016, 0.128754, 0.116971, 0.105755, 0.095193, 0.085373, 0.076381, 0.068305, 0.061233, 0.05525, 0.050446, 0.046906, 0.044718, 0.043969, 0.043969, 0.043969, 0.043969, 0.043969, 0.043969, 0.043969, 0.043969, 0.043969, 0.043969, 0.043969, 0.043969, 0.043969, 0.043969, 0.043969, 0.043969, 0.043969, 0.043969, 0.043969, 0.043969, 0.043969, 0.043969, 0.043969, 0.043969, 0.043969, 0.043969, 0.043969, 0.043969, 0.043969, 0.043969, 0.043969, 0.043969, 0.043969, 0.043969, 0.043969, 0.043969, 0.043969, 0.043969, 0.043969, 0.043969, 0.043969, 0.043969, 0.043969, 0.043969, 0.043969, 0.043969], "Link_arm_l_03": [0.0, 0.00047, 0.001848, 0.004084, 0.007129, 0.010934, 0.015451, 0.02063, 0.026422, 0.032778, 0.03965, 0.046987, 0.054741, 0.062863, 0.071304, 0.080015, 0.088946, 0.098049, 0.107275, 0.116574, 0.125898, 0.135197, 0.144423, 0.153526, 0.162457, 0.171168, 0.179609, 0.187731, 0.195485, 0.202822, 0.209693, 0.216049, 0.221842, 0.227021, 0.231537, 0.235343, 0.238388, 0.240624, 0.242002, 0.242472, 0.240946, 0.236448, 0.229098, 0.219013, 0.206314, 0.191119, 0.173547, 0.153718, 0.13175, 0.107763, 0.081876, 0.054208, 0.024877, -0.005997, -0.038294, -0.071897, -0.106685, -0.14254, -0.179343, -0.216974, -0.255314, -0.294245, -0.333648, -0.373402, -0.41339, -0.453491, -0.493588, -0.533561, -0.57329, -0.612657, -0.651543, -0.689828, -0.727394, -0.764121, -0.799891, -0.834606, -0.868256, -0.900855, -0.932414, -0.962947, -0.992466, -1.020983, -1.048511, -1.075063, -1.10065, -1.125286, -1.148983, -1.171754, -1.193611, -1.214566, -1.234633, -1.253823, -1.272149, -1.289624, -1.306261, -1.322071, -1.337067, -1.351263, -1.364669, -1.3773, -1.389167, -1.400283, -1.41066, -1.420312, -1.42925, -1.437487, -1.445036, -1.451908, -1.458118, -1.463676, -1.468597, -1.472891, -1.476572, -1.479653, -1.482145, -1.484062, -1.485415, -1.486218, -1.486483, -1.486483], "Link_arm_l_04": [-0.0, 0.000854, 0.003377, 0.007508, 0.013187, 0.020352, 0.028943, 0.038901, 0.050163, 0.06267, 0.076361, 0.091175, 0.107052, 0.123932, 0.141753, 0.160456, 0.179979, 0.200262, 0.221245, 0.242866, 0.265066, 0.287784, 0.310959, 0.33453, 0.358438, 0.382621, 0.407019, 0.431571, 0.456217, 0.480897, 0.505549, 0.530114, 0.554529, 0.578736, 0.602674, 0.626281, 0.649497, 0.672262, 0.694515, 0.716196, 0.737257, 0.757698, 0.777534, 0.79678, 0.815448, 0.833554, 0.851111, 0.868132, 0.884633, 0.900627, 0.916128, 0.93115, 0.945707, 0.959813, 0.973483, 0.986729, 0.999567, 1.01201, 1.024071, 1.035767, 1.047109, 1.058112, 1.068791, 1.079158, 1.089229, 1.099018, 1.108537, 1.117801, 1.126825, 1.135622, 1.144206, 1.152592, 1.160792, 1.168822, 1.176696, 1.184424, 1.192007, 1.199445, 1.206735, 1.213876, 1.220867, 1.227705, 1.23439, 1.240919, 1.247292, 1.253506, 1.25956, 1.265453, 1.271182, 1.276747, 1.282146, 1.287376, 1.292437, 1.297327, 1.302045, 1.306589, 1.310956, 1.315147, 1.319159, 1.32299, 1.32664, 1.330105, 1.333386, 1.33648, 1.339386, 1.342102, 1.344627, 1.346958, 1.349095, 1.351036, 1.35278, 1.354324, 1.355668, 1.356808, 1.357746, 1.358477, 1.359002, 1.359317, 1.359423, 1.359423], "Link_arm_l_05": [0.087488, 0.087142, 0.086127, 0.08448, 0.082237, 0.079435, 0.076108, 0.072293, 0.068027, 0.063346, 0.058285, 0.052881, 0.04717, 0.041188, 0.034971, 0.028555, 0.021977, 0.015273, 0.008478, 0.001629, -0.005238, -0.012088, -0.018883, -0.025587, -0.032165, -0.038581, -0.044798, -0.05078, -0.056491, -0.061895, -0.066956, -0.071637, -0.075903, -0.079718, -0.083044, -0.085847, -0.08809, -0.089737, -0.090751, -0.091098, -0.088711, -0.081736, -0.070451, -0.055134, -0.036063, -0.013516, 0.012229, 0.040893, 0.072199, 0.105869, 0.141624, 0.179187, 0.218279, 0.258622, 0.299939, 0.341951, 0.38438, 0.426948, 0.469376, 0.511388, 0.552705, 0.593048, 0.63214, 0.669703, 0.705458, 0.739128, 0.770434, 0.799098, 0.824843, 0.84739, 0.866461, 0.881778, 0.893063, 0.900038, 0.902425, 0.901291, 0.897962, 0.89254, 0.88513, 0.875838, 0.864768, 0.852024, 0.83771, 0.821933, 0.804795, 0.786403, 0.766859, 0.74627, 0.724739, 0.702372, 0.679272, 0.655545, 0.631294, 0.606625, 0.581643, 0.556451, 0.531155, 0.505858, 0.480666, 0.455684, 0.431015, 0.406764, 0.383037, 0.359937, 0.33757, 0.316039, 0.29545, 0.275906, 0.257514, 0.240376, 0.224599, 0.210286, 0.197542, 0.186471, 0.177179, 0.16977, 0.164347, 0.161018, 0.159884, 0.159884], "Link_arm_l_06": [-0.0, -0.000932, -0.003663, -0.008095, -0.014132, -0.021676, -0.03063, -0.040896, -0.052378, -0.064979, -0.0786, -0.093145, -0.108517, -0.124618, -0.141351, -0.158618, -0.176324, -0.194369, -0.212658, -0.231092, -0.249576, -0.26801, -0.286299, -0.304345, -0.32205, -0.339318, -0.35605, -0.372151, -0.387523, -0.402068, -0.415689, -0.42829, -0.439772, -0.450038, -0.458992, -0.466536, -0.472573, -0.477006, -0.479736, -0.480668, -0.479303, -0.475315, -0.468863, -0.460105, -0.4492, -0.436309, -0.421588, -0.405199, -0.387299, -0.368047, -0.347603, -0.326126, -0.303774, -0.280706, -0.257082, -0.233061, -0.208801, -0.184461, -0.160202, -0.13618, -0.112556, -0.089489, -0.067137, -0.045659, -0.025215, -0.005964, 0.011936, 0.028326, 0.043046, 0.055938, 0.066842, 0.0756, 0.082053, 0.086041, 0.087406, 0.087406, 0.087406, 0.087406, 0.087406, 0.087406, 0.087406, 0.087406, 0.087406, 0.087406, 0.087406, 0.087406, 0.087406, 0.087406, 0.087406, 0.087406, 0.087406, 0.087406, 0.087406, 0.087406, 0.087406, 0.087406, 0.087406, 0.087406, 0.087406, 0.087406, 0.087406, 0.087406, 0.087406, 0.087406, 0.087406, 0.087406, 0.087406, 0.087406, 0.087406, 0.087406, 0.087406, 0.087406, 0.087406, 0.087406, 0.087406, 0.087406, 0.087406, 0.087406, 0.087406, 0.087406]}